傻狍子  | url=  |  src=1|http://baike.baidu.com/subview/7173684/19185265.htm  |  level=1  |  score=0  |  flag= 
luhan,  | url=  |  src=1|http://www.xiami.com/artist/172930944  |  level=1  |  score=0  |  flag= 
狍狍  | url=  |  src=1|http://baike.baidu.com/view/7173684.htm  |  level=1  |  score=0  |  flag= 
小鹿(昵称)  | url=  |  src=1|http://movie.douban.com/celebrity/1337001/  |  level=1  |  score=0  |  flag= 
鹿鹿  | url=  |  src=1|http://baike.baidu.com/subview/7173684/19185265.htm  |  level=1  |  score=0  |  flag= 
鹿哈尼  | url=  |  src=1|http://baike.baidu.com/subview/7173684/19185265.htm  |  level=1  |  score=0  |  flag= 
鹿校草  | url=  |  src=1|http://baike.baidu.com/subview/7173684/19185265.htm  |  level=1  |  score=0  |  flag= 
清晨的小鹿  | url=  |  src=1|http://baike.baidu.com/subview/7173684/19185265.htm  |  level=1  |  score=0  |  flag= 
清晨的小鹿  | url=  |  src=0|http://baike.baidu.com/view/7173684.htm  |  level=1  |  score=0  |  flag= 
鹿校草  | url=  |  src=0|http://baike.baidu.com/view/7173684.htm  |  level=1  |  score=0  |  flag= 
鹿哈尼  | url=  |  src=0|http://baike.baidu.com/view/7173684.htm  |  level=1  |  score=0  |  flag= 
鹿鹿  | url=  |  src=0|http://baike.baidu.com/view/7173684.htm  |  level=1  |  score=0  |  flag= 
傻狍子  | url=  |  src=0|http://baike.baidu.com/view/7173684.htm  |  level=1  |  score=0  |  flag= 
狍狍  | url=  |  src=0|http://baike.baidu.com/subview/7173684/19185265.htm  |  level=1  |  score=0  |  flag= 
清晨的小鹿  | url=  |  src=0|http://baike.baidu.com/subview/7173684/7326597.htm  |  level=1  |  score=0  |  flag= 
鹿校草  | url=  |  src=0|http://baike.baidu.com/subview/7173684/7326597.htm  |  level=1  |  score=0  |  flag= 
鹿哈尼  | url=  |  src=0|http://baike.baidu.com/subview/7173684/7326597.htm  |  level=1  |  score=0  |  flag= 
鹿鹿  | url=  |  src=0|http://baike.baidu.com/subview/7173684/7326597.htm  |  level=1  |  score=0  |  flag= 
傻狍子  | url=  |  src=0|http://baike.baidu.com/subview/7173684/7326597.htm  |  level=1  |  score=0  |  flag= 
狍狍  | url=  |  src=0|http://baike.baidu.com/subview/7173684/7326597.htm  |  level=1  |  score=0  |  flag= 
luhan  | url=  |  src=0|http://movie.douban.com/celebrity/1337001/  |  level=1  |  score=0  |  flag= 
lu han  | url=  |  src=0|http://people.mtime.com/2064404/filmographies@@@http://people.mtime.com/2064404@@@http://people.mtime.com/2064404/filmographies/@@@  |  level=1  |  score=0  |  flag= 